n,Un,Kn
0,-4948.759763323499,1226.7796720507008
10,-4768.496966919925,1046.847844221276
20,-4719.257041826732,997.4477823346997
